mse,mae
0.047957,0.153077
