mse,mae
0.020903,0.100547
