mse,mae
0.390731,0.500569
