train_loss,valid_loss
0.026369,0.027103
0.024204,0.024579
0.021601,0.023116
0.021183,0.023590
0.018617,0.022168
0.017241,0.023857
0.017482,0.020184
0.016112,0.020423
0.016280,0.019927
0.015359,0.018859
0.015927,0.021106
0.015114,0.019074
0.015570,0.020819
0.015002,0.020193
0.014775,0.020555
0.014320,0.019703
0.014879,0.020067
0.013873,0.020221
0.014391,0.020197
0.014792,0.019990
