mse,mae
0.027463,0.126544
