mse,mae
0.052368,0.164524
